id,CREATED_ON,APPLICATION,PROFILE,LABEL,PROP_KEY,VALUE
1,NULL,zuul-service,dev,v1.0,zuul.routes.producer.url,http://employee-producer:8081
2,NULL,zuul-service,dev,v1.0,zuul.routes.consumer.url,http://employee-consumer:8093
3,NULL,zuul-service,dev,v1.0,eureka.client.serviceUrl.defaultZone,http://eureka-server:8761/eureka
4,NULL,zuul-service,dev,v1.0,server.port,8041
5,NULL,zuul-service,dev,v1.0,jwt.secret,javainused
6,NULL,zuul-service,dev,v1.0,zuul.sensitive-headers,"Cookie,Set-Cookie"
7,NULL,employee-producer,dev,v1.0,eureka.client.serviceUrl.defaultZone,http://eureka-server:8761/eureka
8,NULL,employee-producer,dev,v1.0,server.port,8081
9,NULL,employee-consumer,dev,v1.0,server.port,8093
10,NULL,employee-consumer,dev,v1.0,eureka.client.serviceUrl.defaultZone,http://eureka-server:8761/eureka
11,NULL,employee-producer,dev,v1.0,spring.datasource.url,jdbc:mysql://mysql-server:3306/app
12,NULL,employee-producer,dev,v1.0,spring.datasource.username,root
13,NULL,employee-producer,dev,v1.0,spring.datasource.password,root
14,NULL,employee-producer,dev,v1.0,spring.datasource.platform,mysql
15,NULL,employee-producer,dev,v1.0,spring.datasource.initialization-mode,always
16,NULL,employee-producer,dev,v1.0,spring.datasource.driver-class-name,com.mysql.cj.jdbc.Driver
17,NULL,employee-producer,dev,v1.0,spring.jpa.hibernate.naming.physical-strategy,org.hibernate.boot.model.naming.PhysicalNamingStrategyStandardImpl
